step,portfolio_value,returns
0,1000000.0,0.0
1,998776.335703545,-0.001223664296454983
2,999516.6899013872,0.0007412612527715474
3,1000987.4092809453,0.0014714305367959522
4,1001966.1854368596,0.0009778106565969653
5,1001679.4428849455,-0.0002861798692228786
6,1000204.7881022397,-0.0014721823365553535
7,1000165.3931028723,-3.938693339207536e-05
8,1001446.676778688,0.0012810717953764378
9,1002689.2515108075,0.0012407797249040812
10,1001582.9732378996,-0.001103311191618996
11,1001921.7835105403,0.00033827479269677005
12,1002143.5506805057,0.0002213417989460233
13,1002607.3514223063,0.0004628086879226322
14,1000805.0745577578,-0.0017975899159244377
15,1001696.9746609153,0.0008911826346919965
16,1001874.7777087543,0.00017750183172826118
17,1003783.6003581543,0.0019052507278059043
18,1004439.236915027,0.0006531652406343507
19,1003479.2388544299,-0.0009557552366687565
20,1002230.8262283866,-0.0012440841600953269
21,999875.793652263,-0.002349790601618295
22,998528.0614103826,-0.0013478996595742132
23,998746.46647498,0.0002187270173347836
24,999507.0222415421,0.0007615103453096115
25,999326.726343659,-0.00018038482358912302
26,999413.7067027509,8.703896013082051e-05
27,1001311.9752818262,0.0018993821741129426
28,1002647.0271413885,0.0013333025995085354
29,1002938.7578423717,0.0002909605205881309
30,1002711.8170856576,-0.00022627578697058927
31,1001894.3754496133,-0.0008152308790178231
32,1000548.9842780257,-0.0013428473146022695
33,1000732.9762038101,0.000183890972531596
34,999661.6365437814,-0.0010705549687117578
35,998619.7865075549,-0.001042202679527171
36,995741.8313257971,-0.002881932864381543
37,995790.0757543807,4.845074000687646e-05
38,997566.5087660592,0.0017839432777362646
39,994101.7285993181,-0.0034732322469675472
40,992801.4132693462,-0.0013080304485577892
41,992921.008123182,0.00012046201006294951
42,993127.1460301323,0.00020760755917528423
43,991924.2429516058,-0.0012112276694226966
44,989907.4329051467,-0.002033229917294681
45,988638.1379825646,-0.0012822359751931784
46,989246.1065039159,0.0006149555615888546
47,988064.3178011149,-0.001194635687753711
48,990130.8060929286,0.0020914511885345884
49,989066.0770388618,-0.001075341810915121
50,990341.565666003,0.00128958889274605
51,990833.9750390886,0.0004972116592465268
52,991474.2716358113,0.0006462198641275068
53,991568.6922390566,9.523252992685476e-05
54,991547.1185859424,-2.1757093868534035e-05
55,989237.8257693651,-0.0023289794032891487
56,989668.8307527283,0.00043569399808180575
57,990379.4937185241,0.0007180815882170603
58,989049.2369997036,-0.0013431787786981537
59,988310.8695224385,-0.0007465426893254774
60,986563.8259899619,-0.0017677064842166843
61,988304.3917677681,0.0017642708276473192
62,990305.3883686289,0.0020246764231024897
63,989697.9562781733,-0.0006133785573522065
64,989787.0648381922,9.003611602274973e-05
65,990986.0926340774,0.0012113997429146419
66,990180.0095375642,-0.0008134151452827929
67,988604.8083345557,-0.0015908230703871563
68,987712.7434845053,-0.0009023472701424375
69,987522.8798086843,-0.00019222560109043377
70,984898.5772182737,-0.002657460038717386
71,985912.5507086038,0.0010295207179545358
72,986681.5902812432,0.0007800281800720155
73,986186.3536873426,-0.0005019213886005876
74,986292.3406338767,0.00010747152010149833
75,988365.1362084947,0.0021016036414576267
76,987571.6502992077,-0.0008028266884553664
77,985885.4029151276,-0.0017074683984389322
78,986368.1458743257,0.0004896542313849782
79,987769.4244925175,0.0014206446386706138
80,987863.0338754411,9.476845567645444e-05
81,990661.3958722821,0.002832742901475832
82,988128.1237879951,-0.0025571523174741863
83,987856.259826195,-0.0002751302743594888
84,988411.5503301747,0.0005621167031704346
85,987684.0351931306,-0.0007360447546379921
86,987589.1335084989,-9.608506490960236e-05
87,987944.5171303706,0.0003598496680589954
88,989648.4384290082,0.0017247135533348832
89,989472.1809792711,-0.00017810107397023053
90,989140.7733366163,-0.0003349337647135611
91,991515.5342135176,0.0024008320563821866
92,992334.8781298253,0.0008263550978630903
93,992471.384677987,0.00013756096975940364
94,991562.1160069843,-0.0009161661333920696
95,992995.5124234426,0.0014455941723858729
96,992596.656568345,-0.0004016693430206003
97,992904.834923231,0.0003104769221684273
98,993282.6265219782,0.0003804912469545433
99,991716.0978744319,-0.0015771227702145306
100,992044.2518101969,0.0003308950378726055
101,991814.6679544165,-0.00023142501492398024
102,992056.4711388506,0.00024379875822242453
103,989710.9725617134,-0.002364279297976422
104,990200.5986886721,0.0004947162762996535
105,992401.3325524199,0.0022225131621433462
106,992372.8992509552,-2.865101096904525e-05
107,991998.6142621997,-0.00037716163857153657
108,992379.5180816348,0.00038397616081181825
109,992110.4351757145,-0.0002711491934460574
110,990910.9041001681,-0.0012090701125766813
111,989262.5399942384,-0.0016634836685207259
112,988474.3953529996,-0.0007966991666776719
113,987915.8579705992,-0.0005650499244352196
114,989430.5756394439,0.0015332456267645163
115,989175.9261198107,-0.0002573697699494433
116,987436.3763464667,-0.0017585848254188688
117,988453.3187658425,0.0010298814624780837
118,988853.8572990553,0.00040521744993779983
119,988443.8581658233,-0.00041462055308346253
120,987982.8980723076,-0.00046634929207922774
121,985935.2330407682,-0.002072571332494391
122,987035.618913182,0.0011160833242769095
123,986745.2371829262,-0.0002941957966781796
124,988612.9516915091,0.0018928031656024209
125,987157.6115500754,-0.0014721030499789437
126,987254.4515958311,9.809988255438447e-05
127,985313.1927517756,-0.001966320679453562
128,986408.1567127223,0.0011112851923647206
129,987293.3038951302,0.0008973437378678249
130,986811.6635392458,-0.0004878391800938315
131,985486.8497406153,-0.001342519396131768
132,987915.2887061507,0.002464202303840533
133,989342.5965085481,0.0014447673993047722
134,991483.3219779907,0.002163785807866056
135,992244.231928456,0.0007674460412983166
136,991806.9163066709,-0.00044073385131721573
137,994000.003665879,0.002211203938136318
138,993362.0578807616,-0.0006417965621375286
139,994965.7801058885,0.0016144387762789204
140,994727.1301833721,-0.00023985741749935527
141,995238.34073729,0.0005139203892264191
142,995888.5619228743,0.0006533321305755007
143,995477.1799387574,-0.0004130803383488583
144,996929.1473684568,0.0014585642533651072
145,996696.2511451485,-0.0002336136162966546
146,996130.1036639115,-0.0005680240901745146
147,996073.0818097237,-5.7243380134759974e-05
148,994963.6737041844,-0.001113781835689961
149,994764.355853576,-0.00020032676154530486
150,995316.2458543027,0.0005547947083941493
151,995830.0248354936,0.0005161967197169594
152,996304.7413626581,0.00047670437255882997
153,995914.7477903651,-0.00039144004449840003
154,998648.4030560947,0.002744868746842722
155,996681.5315467337,-0.0019695335248540763
156,996592.3013765828,-8.952726355066968e-05
157,998695.0253669602,0.0021099139412103793
158,995761.2817114395,-0.002937577119143805
159,993317.5690453857,-0.0024541149680510988
160,993958.7385201432,0.0006454828694650961
161,994919.1070881431,0.000966205669090212
162,996439.5292607584,0.0015281867257179989
163,997371.9304799073,0.0009357328686474531
164,996945.9761296,-0.0004270767376643473
165,996768.6437506152,-0.00017787561536004986
166,996011.7677361071,-0.0007593296792123403
167,996213.460648168,0.00020250053121292265
168,995828.9164229096,-0.0003860058516055453
169,995888.2281848477,5.9560192478848776e-05
170,995822.1358458333,-6.636521764582421e-05
171,996888.9852107774,0.0010713252161620936
172,996725.9138343936,-0.00016358027704488202
173,995305.8936301791,-0.0014246847448278871
174,995510.6858752298,0.00020575809543709288
175,997688.0668402927,0.0021871999928846373
176,997681.970578986,-6.110388115568903e-06
177,998877.1830170556,0.0011979894127745077
178,998537.4013636247,-0.00034016359489221935
179,999405.0147093578,0.0008688841745418818
180,998848.4914851097,-0.0005568545445110965
181,995417.8002240593,-0.0034346462854937905
182,994912.2267471948,-0.0005079007797034479
183,994413.1265217313,-0.0005016525197356228
184,996098.129908658,0.0016944701774206697
185,995828.1689003278,-0.00027101848725986504
186,995529.407484369,-0.0003000130196042454
187,996735.7690860453,0.0012117789716777076
188,996661.0217386468,-7.499213905715863e-05
189,997089.9757418124,0.0004303910695908368
190,996330.9669389406,-0.0007612239831286204
191,996437.4800876607,0.00010690538812357414
192,995452.556076734,-0.0009884453672297567
193,994116.4509793482,-0.0013422087162563163
194,994811.1757967426,0.000698836455940339
195,995141.3395346395,0.0003318858351510966
196,995204.2258976522,6.31933982786042e-05
197,994459.1397016564,-0.0007486766802298765
198,994318.6134248248,-0.00014130925165390933
199,995057.9310337049,0.0007435419581793919
200,997222.9237842045,0.0021757454344899815
201,996889.8007305053,-0.0003340507380587982
202,997056.087239345,0.0001668053065823742
203,995684.2023177053,-0.0013759355558804877
204,995132.9674307001,-0.0005536242171182805
205,993330.1260173974,-0.0018116588157634764
206,993060.5585622065,-0.00027137750897752506
207,990436.3229687389,-0.0026425735780575927
208,991240.1785044229,0.0008116175841315637
209,992000.5228487602,0.0007670636852962895
210,990202.1504642185,-0.0018128744321397531
211,990289.2798964967,8.799156034691735e-05
212,990199.253145188,-9.090954848881266e-05
213,992584.0952466343,0.002408446677647287
214,992190.9231256668,-0.00039610963227235314
215,991040.4603660421,-0.001159517521083982
216,991096.924138337,5.697423521343568e-05
217,990927.450988073,-0.00017099553649744867
218,990385.365283136,-0.0005470488322797708
219,991112.8026066461,0.0007344992656490855
220,991322.3233937193,0.00021139953648276877
221,991423.8179545865,0.00010238300749622944
222,992032.5733272976,0.0006140213314292122
223,992465.8940277405,0.00043680087942023677
224,990872.5524397215,-0.001605437121423532
225,988734.2267278004,-0.002158022953260856
226,987904.9980509579,-0.0008386770220212202
227,986972.7378103365,-0.000943673979239562
228,987944.039899716,0.0009841225113617783
229,987697.2410396235,-0.0002498105663126253
230,986151.9145764475,-0.001564575052927641
231,987336.4495298283,0.00120116884211453
232,986959.0322605305,-0.00038225801293721706
233,987818.9093079175,0.0008712388450587353
234,986599.4233211096,-0.0012345238335863015
235,986357.6400591753,-0.0002450673051484258
236,986357.1906868293,-4.5558763656998945e-07
237,987889.2507695216,0.0015532507869948063
238,988277.3927697643,0.00039290031746005256
239,988504.001926104,0.00022929711637393948
240,988649.3980328675,0.000147087018848892
241,986969.1261761333,-0.001699562918945225
242,986356.9761786939,-0.0006202321645166724
243,988072.0725634412,0.0017388191356357242
244,989000.2037584251,0.000939335520915909
245,987174.1190717577,-0.0018463946516167435
246,986729.6567862023,-0.0004502369713392062
247,986288.5843853066,-0.0004470043013932951
248,985788.7117676791,-0.0005068218628313883
249,985280.7346722465,-0.0005153001747420034
250,983802.6853875285,-0.0015001300976514803
251,984019.879567192,0.00022077006181173042
252,984629.5560486399,0.0006195774029647034
253,983365.9847723983,-0.0012832961071293102
254,985086.4112141912,0.0017495281191683444
255,982676.3502678832,-0.0024465477534478417
256,981868.0255308393,-0.000822574733607321
257,981686.8789180462,-0.00018449181364792405
258,983042.6228366848,0.0013810349794353735
259,985287.0032498831,0.002283095728567535
260,985611.4316248856,0.00032927296709738403
261,985699.7111972308,8.9568332420477e-05
262,985964.7208572896,0.00026885435498088004
263,988538.862751059,0.0026107849898840017
264,988545.1641737855,6.374481534234055e-06
265,988217.6805540242,-0.0003312783589761536
266,989967.1553300645,0.0017703334098004495
267,988745.9741341518,-0.001233557284539906
268,990347.0973253481,0.0016193473683656185
269,990318.2523569437,-2.9126120006097143e-05
270,990705.7448581571,0.00039128078301214924
271,989674.8039211005,-0.0010406126565908583
272,990423.1746901183,0.0007561784598868132
273,991026.6155695698,0.0006092758074247038
274,989300.6318147902,-0.0017416119079582861
275,987628.5363471495,-0.001690179318467985
276,987778.3022995413,0.000151641985706193
277,986903.2953929565,-0.0008858332933086567
278,988129.7462651636,0.0012427264940065273
279,989856.2317584202,0.0017472255033128953
280,989499.2273851804,-0.0003606628536404949
281,990950.6749303133,0.0014668506098467428
282,990324.756662011,-0.0006316341308776435
283,991567.7298149713,0.0012551167125720124
284,991338.2794962826,-0.00023140155915680666
285,990500.2894986195,-0.0008453118526693712
286,989569.4439860596,-0.0009397730848024832
287,988200.3593022295,-0.001383515519957221
288,989380.4120255496,0.0011941431838309818
289,989671.3660317074,0.00029407698254521527
290,988604.2719576498,-0.001078230724544721
291,987701.8426539806,-0.0009128316853034121
292,986221.9375076527,-0.0014983318673896303
293,986755.7125199861,0.0005412321426172594
294,984936.8771616585,-0.0018432478629210516
295,984870.6632183923,-6.722658558282982e-05
296,983903.787481573,-0.0009817286400427032
297,985796.8196084742,0.0019240012600689976
298,983846.0710413154,-0.001978854595953635
299,980749.9448922112,-0.0031469619488618066
300,982955.1974399103,0.0022485370090348502
301,982123.7076190476,-0.0008459081584066653
302,981411.507098055,-0.0007251637603975661
303,981623.0843293128,0.00021558462452047193
304,979006.6960385506,-0.0026653695624424237
305,979498.7899245829,0.0005026460881458302
306,977877.7503509978,-0.0016549684290166013
307,978860.811923219,0.0010053010939949966
308,979118.4240729614,0.0002631754654027756
309,979781.2172032985,0.0006769284634435989
310,979977.9900611658,0.00020083346609661387
311,979040.4358377514,-0.0009567094699299075
312,980096.5657835873,0.0010787398632133081
313,978975.1022461227,-0.0011442377992295144
314,978411.8478776752,-0.0005753510657780333
315,980138.4765005758,0.0017647257917470026
316,980635.2778380493,0.0005068685184641543
317,980332.9022590949,-0.0003083466256905389
318,980502.410671437,0.00017290903115824372
319,978975.9539493929,-0.0015568107792808513
320,979026.9155732869,5.20560527441567e-05
321,978491.681497106,-0.0005467000627531726
322,978956.786088077,0.00047532809912027694
323,977359.9528068182,-0.0016311580898680773
324,976854.1712018581,-0.0005174977791013157
325,974829.8498744891,-0.0020722861068181424
326,973274.1844606653,-0.001595832764070661
327,972759.8204381182,-0.0005284883034601173
328,973357.6994419951,0.0006146214012084296
329,972746.8881595716,-0.0006275301287221775
330,972589.1198953369,-0.0001621884029186094
331,972307.7608661148,-0.00028928868672974795
332,971302.638748451,-0.0010337489405292707
333,970359.2127565114,-0.0009712997312096699
334,971345.1290184917,0.0010160322579713605
335,971864.5675879311,0.0005347621086690533
336,971377.8503464124,-0.0005008076822130143
337,973559.552665173,0.002245987303480853
338,973059.4718053882,-0.0005136623213400109
339,974695.236113162,0.0016810527569695566
340,973843.7019422315,-0.0008736414618442268
341,972990.2083622084,-0.0008764174151569232
342,972498.8230678994,-0.0005050259397123117
343,972174.1571924642,-0.00033384706257125896
344,971555.8393707778,-0.0006360154886980592
345,972540.8340553411,0.0010138322931610157
346,971525.4558427896,-0.0010440468687751689
347,970183.198370391,-0.001381597841133435
348,969618.5283572138,-0.0005820241106274365
349,968805.7021328636,-0.0008382948557381564
350,967497.1142030506,-0.0013507227785014592
351,966482.8448493718,-0.001048343544170957
352,964802.814070526,-0.0017382934294168544
353,963112.8390573462,-0.0017516273673060469
354,962736.6410076449,-0.00039060641125861353
355,963513.4254303537,0.0008068503779972195
356,962149.2276010236,-0.0014158576241122822
357,958255.005047544,-0.004047420547423052
358,957617.4839906683,-0.0006652937407241324
359,957330.9559788478,-0.0002992092527660074
360,956634.2940370957,-0.0007277127490771993
361,955055.3613054347,-0.0016505081842694085
362,955178.0329695047,0.00012844455833671545
363,955368.9968560665,0.00019992491448753857
364,954956.2878662335,-0.0004319890965597177
365,955223.4378203094,0.0002797509765319712
366,954402.8307064633,-0.0008590734705155753
367,954850.1001045168,0.0004686379625702183
368,954523.8496038535,-0.0003416771916634758
369,955007.9853523435,0.0005072013116182677
370,954808.5597929348,-0.00020882082921553082
371,955019.1966130019,0.00022060633820956672
372,955519.9559347637,0.0005243447708043335
373,955199.9886693197,-0.0003348619392579572
374,953684.6249497138,-0.0015864360736822034
375,951918.466634562,-0.0018519312034048362
376,950624.3553563019,-0.0013594770178536008
377,948574.1615705651,-0.0021566813160055986
378,949407.9848134904,0.0008790279945479114
379,950064.489246632,0.0006914882154383027
380,948884.8058415286,-0.0012416877153663985
381,948751.055201119,-0.00014095561398616216
382,946496.492774551,-0.0023763477407570104
383,945989.8552943424,-0.0005352766587898259
384,944424.6619628719,-0.0016545561484731506
385,942512.526476802,-0.0020246564528459145
386,942521.0362888745,9.028858326490338e-06
387,942669.3876831466,0.0001573984967553638
388,941870.2847299521,-0.0008477022417780278
389,943220.8525081873,0.0014339212098855123
390,943806.8269607521,0.0006212484075247433
391,944036.27250856,0.00024310647184732295
392,945213.9628543898,0.0012475053979656696
393,947905.5282990194,0.0028475726665119897
394,946508.5065251607,-0.00147379852965474
395,945217.1977335174,-0.001364286514850283
396,945885.1178684698,0.0007066313822410087
397,947184.82247261,0.001374061796287803
398,947064.8632964699,-0.0001266481190302305
399,946838.1142991965,-0.00023942288016486952
400,946261.9954924977,-0.0006084660070166697
401,948031.5493301878,0.0018700463995377514
402,948857.7367067742,0.0008714766688620192
403,950312.1590148552,0.0015328138790635236
404,952063.795016222,0.0018432217085202081
405,951895.6058192381,-0.0001766574864671423
406,950797.452911481,-0.0011536484684284006
407,948828.1215484437,-0.0020712417318819736
408,948453.0040080288,-0.0003953482531722777
409,951856.829343573,0.003588818129269556
410,951710.9579047415,-0.00015324934836264943
411,953013.0993036673,0.0013682109973731473
412,950270.4315516936,-0.002877890927184209
413,952562.4643346061,0.0024119794816406465
414,953347.8531289175,0.0008245010943823581
415,951847.3900481092,-0.001573888351333378
416,952715.7756513684,0.0009123159997479327
417,951660.7180665383,-0.0011074211341874285
418,952077.9791770353,0.0004384557464394217
419,952697.6242864417,0.0006508344095323508
420,952725.5915750251,2.9355892016995214e-05
421,954760.758158652,0.002136151901055148
422,955244.8167202981,0.0005069946135822551
423,955287.8506441031,4.5050151596471234e-05
424,954417.7999174397,-0.0009107733612196635
425,955617.9151392066,0.0012574317263054874
426,955974.6317259377,0.00037328369537649144
427,954684.0603376656,-0.0013500058949703266
428,953951.5813486127,-0.0007672475319152835
429,953818.1964427853,-0.00013982355963892872
430,954525.8505608303,0.0007419171920646503
431,954092.1276853692,-0.0004543856776705057
432,954296.9798535233,0.0002147090015835891
433,954142.7317848081,-0.00016163528961276675
434,953514.5479057856,-0.0006583751655765518
435,953165.2002938046,-0.0003663789008235421
436,953090.5085857413,-7.83617656627985e-05
437,953841.2840257428,0.0007877273283474004
438,954906.2756724504,0.001116529200972284
439,954666.6197946128,-0.0002509731938549795
440,956136.2010812791,0.0015393659484841933
441,955427.7912499629,-0.0007409089107964754
442,955145.7878086137,-0.00029515934530248417
443,955082.6351929576,-6.611829991004373e-05
444,955375.8820048894,0.0003070381568319385
445,958165.8109834326,0.0029202422115663876
446,960059.789808185,0.0019766712640356685
447,958909.9621579107,-0.001197662544021343
448,957395.0988723314,-0.0015797763558220177
449,959896.9030579187,0.0026131366126001337
450,958614.3246942583,-0.0013361626228551183
451,958220.1214399422,-0.000411221952521778
452,957837.0650992381,-0.00039975818930671305
453,957957.2083874193,0.0001254318636842814
454,958458.9624108743,0.0005237749860451453
455,957032.7691614077,-0.0014880065870313314
456,959353.8289941587,0.0024252668325921026
457,959796.3478430667,0.0004612676111085932
458,958072.2733503211,-0.001796291991129211
459,959988.5189942474,0.002000105521502384
460,959221.860736923,-0.0007986119022836724
461,959126.6460254528,-9.9262449457763e-05
462,960671.9305493449,0.001611137100919509
463,960552.3786957831,-0.00012444607754221577
464,961362.4644768487,0.0008433540939907383
465,962030.1506041037,0.0006945206952908357
466,961218.8592060092,-0.0008433118209289528
467,961049.181098119,-0.0001765239063560846
468,961550.2878057676,0.0005214162995030388
469,961205.7284021854,-0.0003583373724202389
470,961865.6646593763,0.0006865712902979674
471,961002.4214190672,-0.0008974675695641584
472,958178.9013249722,-0.002938098834262739
473,957973.5099587752,-0.00021435596829871438
474,957520.3705015108,-0.0004730187761496135
475,956237.4243194594,-0.0013398630687924528
476,955429.9650770666,-0.0008444129270170056
477,954838.903038247,-0.000618634604758144
478,951607.7606299813,-0.0033839660260850364
479,952015.0258323755,0.00042797591533364984
480,952276.8330606796,0.00027500325225979553
481,953666.0970774738,0.0014588867108411873
482,954472.4893530905,0.0008455708744265551
483,954622.8522378544,0.00015753506407059674
484,955112.157580577,0.0005125640367560068
485,952043.5412412192,-0.003212833503377243
486,952702.8863011581,0.0006925576734435337
487,951983.353656442,-0.0007552539779843184
488,950267.549408615,-0.001802346901589045
489,948877.2268586304,-0.00146308537090402
490,947411.9211194264,-0.0015442521937797126
491,947186.802696988,-0.00023761409099898076
492,947935.447020525,0.0007903871986025829
493,946769.5982419377,-0.0012298820370645524
494,947182.981871621,0.00043662537374552726
495,947872.1233577875,0.0007275695397364259
496,948065.112113663,0.00020360210108495155
497,949989.0257884808,0.002029305424527754
498,949552.8102834733,-0.00045917952014800105
499,951376.8408125729,0.0019209363706216428
500,949965.5468222213,-0.0014834226878449343
501,951178.4118728724,0.0012767463564424526
502,951523.6293942023,0.00036293666574091184
503,948458.5809404948,-0.0032212005661476605
504,946250.1113350866,-0.002328482919326026
505,948372.1443588322,0.002242570963348679
506,948628.7271890559,0.0002705507872093702
507,948629.1472471108,4.4280553911815675e-07
508,947604.3180445387,-0.0010803264959190172
509,947694.5870478741,9.52602279416204e-05
510,947437.4971918593,-0.00027127922806404354
511,946815.752932109,-0.0006562377587894143
512,945990.173920967,-0.000871953184751478
513,948099.0131003003,0.002229240046535074
514,947886.1469124763,-0.00022451894251843656
515,947335.6738068514,-0.000580737578471783
516,946061.7642059587,-0.0013447288391172936
517,943797.6157374014,-0.002393235361813409
518,943283.0390496545,-0.0005452193130885042
519,943502.2312357588,0.0002323715968910916
520,942163.1034498995,-0.00141931597141572
521,943029.517202104,0.0009196005967883651
522,944301.1269554291,0.0013484304893211447
523,942285.1255189003,-0.0021349137250620954
524,943328.6358453028,0.0011074252348277824
525,943697.0731622027,0.00039057153880390274
526,944442.2525376512,0.0007896383242468906
527,946252.4806505854,0.0019167165679745894
528,947819.5076842369,0.001656034795886705
529,948427.6607028586,0.0006416337854319961
530,948105.3988644189,-0.0003397853645484301
531,947757.7730965939,-0.00036665308333999874
532,946652.6107266039,-0.0011660810402843158
533,946299.0342258919,-0.00037350184925869976
534,944832.6353403211,-0.001549614691058398
535,945362.1803038284,0.0005604643020365116
536,944510.5911293484,-0.0009008073225505701
537,944653.1539374078,0.000150938284227101
538,945470.6172603699,0.0008653581682916112
539,945739.3498607851,0.00028423157262550883
540,945637.9061335542,-0.00010726393825721509
541,945219.2649293618,-0.0004427077229847151
542,945554.1137114308,0.00035425513898521075
543,943256.767448925,-0.002429629599398027
544,941607.9868459919,-0.0017479658347877174
545,940876.1568359184,-0.0007772130443846685
546,943078.2465641914,0.0023404671404134787
547,943271.7179669425,0.00020514883410353399
548,942337.9971425333,-0.0009898747165044152
549,941254.7801909745,-0.0011494993885882649
550,941775.4470759394,0.0005531625399652941
551,941460.7183836976,-0.00033418655499993093
552,941446.6781380922,-1.4913256954049199e-05
553,941684.4554788413,0.00025256591400313474
554,943049.6355055079,0.0014497213145271937
555,944034.5130323092,0.0010443538597768327
556,943855.4243893772,-0.0001897056097628919
557,941414.9063314792,-0.002585690556874129
558,940562.1761143405,-0.0009057963830863773
559,938460.7099168986,-0.0022342661131914865
560,937643.6562258055,-0.0008706317509717185
561,935519.2846558562,-0.0022656491683635117
562,936451.317863288,0.0009962736447219752
563,934939.2683153122,-0.001614658999493778
564,935209.4620525852,0.0002889960304692904
565,932924.761555759,-0.0024429826573950336
566,933903.2830027752,0.0010488749868578495
567,934106.425163584,0.00021751948462545484
568,933775.2113949244,-0.00035457819338038005
569,934223.3723521611,0.00047994522853864424
570,935295.5302103795,0.0011476461518180252
571,934832.1125722355,-0.0004954772295765724
572,933302.507262994,-0.0016362353075706666
573,932842.5120746488,-0.0004928682659325375
574,932805.0550813392,-4.015360880824727e-05
575,932342.4848545749,-0.0004958916380700478
576,932409.0891160611,7.143754850622067e-05
577,933257.1314299997,0.0009095174251707145
578,932712.8938673426,-0.0005831592862549933
579,934454.2732974188,0.001867004778775896
580,932543.5541864027,-0.0020447432962918148
581,933069.3129131937,0.0005637899961141344
582,931550.4514363551,-0.001627812056208833
583,930908.1970452748,-0.0006894467069282832
584,932055.7461373914,0.0012327199349613613
585,932282.3255026842,0.00024309636653363598
586,932619.9259318067,0.00036212252435486144
587,931727.8101064772,-0.0009565695526375374
588,932146.0435137922,0.000448879385994916
589,932150.7095000145,5.005638606524186e-06
590,931679.6883565765,-0.0005053057822492108
591,932905.7270434636,0.001315944419749863
592,932503.8949897639,-0.0004307316827963286
593,932642.3307838546,0.0001484559955561959
594,930534.9855367361,-0.002259542782437666
595,930519.4648407417,-1.6679325587552064e-05
596,930015.4945575983,-0.0005416010112477439
597,930044.5780028668,3.1272000777149966e-05
598,929228.9121122765,-0.0008770180590072463
599,929178.3643045443,-5.439758392509011e-05
600,928218.2625034739,-0.001033280409826358
601,927956.5372328316,-0.0002819652243605123
602,927917.3033903457,-4.2279827676982554e-05
603,928338.9062680966,0.0004543539345700052
604,927684.536956025,-0.0007048819215195256
605,929670.0549483154,0.002140294370762416
606,931902.3579289003,0.0024011776744912055
607,931437.680733117,-0.0004986329220326873
608,932424.9081665479,0.0010598963879728568
609,931933.9595254988,-0.0005265288783570347
610,933921.0171521907,0.002132187164532136
611,933275.3999011732,-0.0006912974857190425
612,933685.9054054945,0.00043985462851027295
613,932222.9909510792,-0.0015668164700204923
614,930091.5231534487,-0.0022864355613627222
615,932126.1250313134,0.0021875286756365907
616,932631.2765677331,0.0005419347477282487
617,934309.022657132,0.001798938263761963
618,935140.2584970762,0.0008896797738078349
619,935036.130129555,-0.00011135053439851834
620,934684.5304002239,-0.0003760279608472215
621,933790.3889663239,-0.0009566237642952384
622,934595.3689429555,0.0008620563952501928
623,933494.7568076351,-0.001177634912277865
624,935023.1774449988,0.0016373103611107326
625,935324.9833784801,0.0003227790933546868
626,936850.3430929526,0.001630833925725805
627,936551.7104672304,-0.0003187623593500463
628,937035.7153278165,0.000516794593589152
629,938221.7704934969,0.0012657523574386102
630,940132.9565845707,0.0020370302109580345
631,939464.9986524963,-0.0007104930503671274
632,939755.7863532517,0.0003095247839701224
633,939139.0563427793,-0.0006562662549443748
634,939768.3555936065,0.0006700810136443532
635,940219.1640055262,0.0004797016299138852
636,940645.1532028294,0.0004530743613950502
637,940968.917585943,0.0003441939630595015
638,942822.7541385939,0.001970135801517143
639,941639.9088983141,-0.0012545785886982554
640,940444.0983281801,-0.001269923416407683
641,942168.1891647214,0.0018332730670607257
642,941710.8692910194,-0.00048539090892832045
643,939880.8958089018,-0.0019432434537952831
644,940769.6901173008,0.0009456456795349039
645,941348.3676396419,0.0006151107209553799
646,940608.0095056491,-0.0007864868729194835
647,941438.1207950863,0.0008825262819880084
648,942283.7006625584,0.000898178912447314
649,942810.3502813537,0.000558907703088729
650,946063.3298292614,0.003450301056768161
651,946005.3879918115,-6.124519957914894e-05
652,946014.1795294916,9.293327280877167e-06
653,944645.1014198283,-0.0014472067536495615
654,943913.4590109193,-0.0007745156438214179
655,945055.0517878542,0.001209425256136371
656,944581.1456626682,-0.0005014587502489681
657,945307.0205961126,0.0007684622298227155
658,944838.9379731038,-0.0004951646531870473
659,944750.754284244,-9.333197999754198e-05
660,945475.2823481549,0.0007668986350371418
661,943593.6308231512,-0.0019901646929684973
662,944955.4229041971,0.0014431976187227423
663,942356.1977328042,-0.002750632578417848
664,944580.8870248396,0.0023607732377499612
665,942959.0983055237,-0.001716940011801497
666,942427.8032864184,-0.00056343379056423
667,942896.2379252613,0.0004970509541519323
668,941232.8927440925,-0.0017640808333574036
669,942144.3036565459,0.0009683160453480127
670,942150.5726451488,6.653957974994509e-06
671,943461.1087122379,0.0013910049042475778
672,942245.660154722,-0.0012882868687347044
673,941572.1346283788,-0.0007148088389525361
674,940493.9872680748,-0.001145050199185797
675,941024.2586859649,0.0005638222307304839
676,939261.1887372361,-0.0018735648230691826
677,941034.0616434127,0.0018875185384377444
678,940261.0684421336,-0.0008214295664591924
679,939148.1976156839,-0.0011835764170195463
680,939660.8804736005,0.0005459019771513983
681,938778.8492392622,-0.0009386697399744289
682,938295.1664554127,-0.0005152254806777682
683,938551.3511680361,0.0002730321137549377
684,939889.2833302801,0.001425528992717255
685,940564.3107318602,0.0007181988491115919
686,940148.6608014548,-0.0004419154816559116
687,939716.6297351932,-0.0004595348419613604
688,938770.6371364115,-0.0010066785761238329
689,938417.9048130771,-0.0003757385557034427
690,937381.0161790086,-0.0011049327050883188
691,936844.8160152993,-0.0005720194397525035
692,935511.7897642145,-0.0014228890722313438
693,935428.2100840758,-8.934112969308338e-05
694,935991.3574112641,0.0006020208938724123
695,936744.5733808273,0.000804725346659664
696,939060.3492170325,0.0024721529240861297
697,940307.7373963087,0.0013283365444150452
698,937906.8964023679,-0.0025532502801569046
699,938354.9619326945,0.0004777292202940154
700,939894.4075486194,0.001640579182055111
701,937915.8825510587,-0.002105050292533448
702,937343.7855695197,-0.0006099661943914051
703,939357.2673669884,0.0021480718477748764
704,939498.0213130048,0.0001498406952351138
705,938375.0984651662,-0.0011952370546446226
706,939057.9952288497,0.0007277439105113675
707,937195.5025970236,-0.0019833627329611226
708,936524.1625541025,-0.0007163287073623484
709,935996.3885871158,-0.000563545488828962
710,938180.888369023,0.0023338762932672034
711,939954.9460904159,0.0018909548716954296
712,937776.6342142612,-0.002317464135079089
713,937521.854343474,-0.0002716850276405567
714,935966.9497798842,-0.0016585262054277146
715,934653.6839902666,-0.0014031112849939825
716,932893.2948781472,-0.0018834667238499633
717,933027.0411589219,0.0001433671798361212
718,932775.306943365,-0.0002698037725082386
719,933360.1981176432,0.000627044015771458
720,932791.933968037,-0.0006088369214289148
721,933422.2224724437,0.0006757010662876195
722,932153.9114939108,-0.0013587752123293037
723,932306.7521369252,0.00016396502887539296
724,932165.2308133475,-0.00015179695229424755
725,929011.5898263508,-0.0033831351811363297
726,928310.4837863913,-0.0007546795407477329
727,926803.1708274011,-0.0016237164023422401
728,928069.4079515915,0.00136624168329075
729,930316.7589738041,0.0024215333497230804
730,932135.4383320916,0.0019549033603281484
731,932117.512974257,-1.923042199385424e-05
732,930177.5805947904,-0.002081210096864873
733,930775.2190955908,0.0006424993606255311
734,928746.1506765896,-0.002179976837987557
735,928655.1476625111,-9.79848088868898e-05
736,928381.3091289658,-0.0002948764503535382
737,931905.2773451696,0.003795819865772636
738,930431.2635403197,-0.0015817206326473644
739,933467.6402587297,0.0032634078812618936
740,935201.8151120365,0.0018577771510388766
741,935359.577857701,0.000168693797547383
742,935670.1089851964,0.0003319911773466657
743,935703.6838950715,3.588327718566051e-05
744,935600.829208448,-0.00010992228457987945
745,934604.8938717565,-0.0010644874454996379
746,933486.8751685522,-0.0011962474309039491
747,932563.4566075813,-0.0009892142948491624
748,933426.7046278703,0.0009256721504285269
749,934314.2740051447,0.0009508720640558667
750,934316.840641355,2.7470801653334755e-06
751,935026.2519248797,0.0007592834172160878
752,937115.3736569883,0.002234292061648306
753,936746.2627441714,-0.00039387990336389175
754,935588.9210878813,-0.0012354910847465906
755,934326.3480489022,-0.0013494955001294728
756,934985.4460383717,0.0007054258834140472
757,935039.5206795641,5.7834741087754974e-05
758,933070.5831110383,-0.0021057265762358447
759,930287.7131331076,-0.0029824860287118353
760,930825.2677846897,0.0005778369895605802
761,929310.0195351287,-0.0016278546597334504
762,930370.6609056822,0.0011413213548306417
763,930620.7087814059,0.0002687615659335953
764,928600.5985176687,-0.0021707127776927353
765,930292.8016255848,0.0018223153319278957
766,930719.2584619167,0.0004584114115326722
767,931075.9680835832,0.00038326231935498396
768,932786.2459992153,0.001836883320221822
769,932632.1953657619,-0.0001651510558974777
770,933341.1776099956,0.0007601949061555471
771,934078.0100554154,0.0007894566993247466
772,933824.6092345725,-0.00027128443033137107
773,932801.9661600644,-0.001095112577238982
774,932989.7979495574,0.00020136298625762937
775,931834.6054947366,-0.001238161936346601
776,932350.3470632177,0.0005534690013012154
777,932872.5575186058,0.000560101100442634
778,929577.8151341535,-0.00353182474701177
779,929603.5695014342,2.7705445269296454e-05
780,929845.1799094648,0.00025990692802540274
781,926403.812081432,-0.003701011633321462
782,926247.6128998378,-0.00016860809460967255
783,927461.324665346,0.0013103534612179512
784,928529.4533749353,0.001151669273082384
785,929330.867249279,0.0008631001110743758
786,928216.3282902342,-0.001199291875824338
787,927876.7111935357,-0.0003658814075422108
788,928775.0364587868,0.0009681515382529395
789,928264.6753759213,-0.000549499139007225
790,926935.6365085414,-0.0014317456029894321
791,928649.9754650651,0.0018494692500776342
792,926955.4863460425,-0.001824680088075191
793,923656.9458654276,-0.0035584669697758193
794,922802.152123061,-0.0009254450434145711
795,922086.0268624808,-0.0007760333663425562
796,925041.1941389503,0.003204871552521917
797,925251.4222746065,0.0002272635391680058
798,925953.9775716502,0.0007593128528422061
799,925766.6249596898,-0.0002023346910304516
800,925941.5012922259,0.000188898938265053
801,925130.8758745036,-0.0008754607246688691
802,926162.3960775373,0.00111499921787674
803,925383.6660838975,-0.0008408136596108018
804,926210.9831565769,0.0008940260164527246
805,925970.0527301249,-0.0002601247780833432
806,926349.0558867641,0.00040930390299526333
807,926699.117027023,0.00037789334164518656
808,927497.5640653707,0.0008616033226720269
809,926289.077225209,-0.0013029541930705843
810,925744.8473683173,-0.0005875378111139652
811,924699.1412777003,-0.0011295834846823062
812,924236.2930801734,-0.0005005392314816487
813,922337.6090035014,-0.0020543275468488534
814,922891.536550242,0.0006005691856576166
815,922859.1795847126,-3.5060420697250216e-05
816,920920.1120233207,-0.002101152163068302
817,920347.7480075449,-0.0006215132108672581
818,918558.9402319524,-0.001943621614183472
819,919511.7713740087,0.001037310835835725
820,921090.7655829033,0.0017172093474508683
821,921917.8107051195,0.0008978975287987339
822,921751.5646972607,-0.00018032627846903618
823,923016.8843590026,0.0013727339450271764
824,923470.8594808839,0.0004918383721621888
825,923182.6853149568,-0.00031205550556202664
826,924932.2253026962,0.0018951178521535291
827,925106.5018819186,0.00018842091826282164
828,924207.4806284553,-0.0009718029779646909
829,925880.3081701722,0.0018100129860227385
830,926957.0629286976,0.001162952434589963
831,925971.8557274092,-0.0010628401688591456
832,927669.3983720139,0.0018332551190458856
833,925603.7599236779,-0.0022266967649909293
834,925662.5113518873,6.34736274344932e-05
835,924304.818703984,-0.0014667253251083691
836,923998.5572306818,-0.0003313425042311139
837,924672.9975834744,0.0007299149414410187
838,921765.0364511966,-0.003144853521058097
839,923602.0463412704,0.001992926415549778
840,920898.2645124048,-0.0029274316136222544
841,922243.292656835,0.0014605610589812712
842,922391.6232310334,0.0001608367069508053
843,923236.1248497746,0.0009155564702365824
844,926878.5754698153,0.003945307730060208
845,927228.2150716635,0.0003772226601213429
846,926104.651372414,-0.001211744510128706
847,926803.8446831077,0.0007549830460926548
848,926969.7311794256,0.00017898770842350353
849,928892.3292463317,0.002074067795568564
850,927856.7595570978,-0.001114843622483271
851,926296.0435932401,-0.001682065628969179
852,925924.2158358714,-0.0004014135221028301
853,927164.0608609624,0.0013390351001584997
854,928366.1606734382,0.001296534090589729
855,928035.6801980727,-0.0003559807426907961
856,928957.5257064668,0.0009933298127043056
857,929729.0689894644,0.0008305474272474663
858,928348.9913752372,-0.0014843868609241391
859,927170.8429636633,-0.0012690792175350711
860,928157.0525366531,0.0010636762150947983
861,928470.5757935368,0.00033779117017628067
862,928510.9430564778,4.347715909733545e-05
863,928719.8222067106,0.00022496143076696136
864,927843.317792975,-0.0009437770065604333
865,927877.0915400896,3.640026981593979e-05
866,928001.1151709193,0.00013366385694888372
867,928806.7827896742,0.0008681752700334999
868,929224.7297900468,0.00044998271773733997
869,929323.1557427284,0.00010592265737892265
870,927914.9545416994,-0.0015152976575769823
871,927033.6417491317,-0.0009497775504684438
872,925514.3968427996,-0.0016388239195565676
873,925920.7139942334,0.00043901764555997715
874,926054.5776193646,0.00014457352892963997
875,927305.412932399,0.0013507144646376231
876,927931.9887478886,0.0006756951989617144
877,929548.7443057325,0.001742321180268319
878,932732.3366733259,0.003424879423586439
879,934468.944586228,0.0018618502271465223
880,934451.6861675401,-1.846869153633985e-05
881,933046.5064034334,-0.0015037479036180102
882,933700.7680477095,0.0007012101109493895
883,932181.3854578075,-0.0016272692942932163
884,929003.8523680001,-0.0034087068669010614
885,928499.2500494645,-0.000543164936560106
886,928897.7004121197,0.0004291337474252035
887,929992.1703825236,0.0011782459682247494
888,928868.4086788392,-0.001208356091021841
889,926305.9521024006,-0.0027586863246681936
890,927213.9616051583,0.0009802479415109188
891,926819.3281532003,-0.00042561206830274575
892,924223.3199079346,-0.0028009863048913254
893,925348.8691801197,0.001217832582169854
894,924413.3234973437,-0.00101101942622455
895,924825.3997955675,0.0004457706176981476
896,923577.1858489125,-0.0013496752434902426
897,921923.2650602359,-0.0017907770070742723
898,920933.3864702922,-0.0010737103915898656
899,921658.9954890739,0.0007879060846765109
900,922524.5313632956,0.0009391064140402756
901,922450.2781094753,-8.048919166476981e-05
902,923251.1909092144,0.0008682449544929413
903,923255.5003162076,4.667643037609613e-06
904,925348.2701316674,0.002266728781732656
905,924675.8100861359,-0.0007267102206132881
906,924881.5674533929,0.0002225183842949909
907,925494.4005817135,0.0006626071379150039
908,924859.975088312,-0.0006854990078845547
909,925451.7676438402,0.0006398725985213085
910,927264.4114156481,0.0019586582847238034
911,928501.8347522081,0.0013344881150683411
912,930523.9045453502,0.002177776841638424
913,929133.877104518,-0.0014938116409931354
914,927829.5219210966,-0.0014038398723402426
915,927468.6647480362,-0.0003889261599622865
916,927378.0594862482,-9.769091423980301e-05
917,926645.9133699303,-0.000789479661318954
918,927289.3026635267,0.0006943205428452918
919,929486.0107262321,0.002368956545056189
920,930473.4930769637,0.0010623961408091247
921,929853.9420928882,-0.0006658448506971922
922,929029.8042116619,-0.0008863089609227338
923,929645.9591465526,0.0006632240775241107
924,927593.4735721316,-0.002207814226724828
925,929133.292912275,0.001660015280415417
926,928815.9310159448,-0.00034156767252995797
927,927200.2468826202,-0.0017395094973849232
928,928186.7220699206,0.0010639289523672391
929,928703.764834076,0.0005570460682764195
930,929469.4690444405,0.0008244870316653607
931,929282.0171805673,-0.00020167619283503513
932,929278.0940514472,-4.221677647362048e-06
933,928433.4359945281,-0.0009089400280992219
934,927807.7592723467,-0.0006739058482002649
935,926932.783870948,-0.0009430567837511341
936,926621.7400123888,-0.00033556247440108354
937,926298.8743316707,-0.00034843309494743705
938,926252.8468879173,-4.9689625053952524e-05
939,927219.7479758612,0.001043884605799146
940,927171.6498639355,-5.187347662800084e-05
941,927116.1335109358,-5.98771036710082e-05
942,927462.9000699439,0.00037402710024563815
943,926675.4744881172,-0.0008490103288954512
944,926357.732502726,-0.0003428837755381875
945,926379.6947065783,2.3708123850723738e-05
946,925312.8160677085,-0.00115166453341538
947,924751.2968040461,-0.0006068426308506997
948,924738.384672868,-1.3962814891763122e-05
949,924765.6377675202,2.9471140274817223e-05
950,925577.0723097463,0.0008774488465910415
951,925104.4638701526,-0.0005106094929667109
952,924753.7011773826,-0.000379160091069696
953,925395.4653363758,0.0006939838771946086
954,925573.3977450853,0.00019227715649640376
955,925616.1144168437,4.615157680905225e-05
956,923815.8311150186,-0.001944956741553039
957,923748.8334595785,-7.252274012154315e-05
958,923432.0090669076,-0.0003429767716017858
959,923344.4841670102,-9.478218107886358e-05
960,923747.4789204559,0.0004364511407779631
961,924493.1991359949,0.0008072771320691165
962,923539.5546702364,-0.0010315321590788492
963,922191.3790713679,-0.0014597919407468199
964,922940.723943409,0.00081256980822757
965,922583.336265318,-0.00038722711959666284
966,922473.2463040713,-0.00011932793160166498
967,921997.5148333043,-0.0005157130276384508
968,921119.2222737474,-0.0009525975346210013
969,923330.3286392163,0.002400456218914624
970,923190.5942812616,-0.0001513373422495921
971,923709.1659009006,0.0005617167493379676
972,923456.6983022057,-0.0002733193606980452
973,922045.8264945494,-0.0015278158794561434
974,920886.6863328982,-0.0012571394266356877
975,920120.4871496527,-0.0008320233038623383
976,918870.9804956205,-0.0013579815594617134
977,920062.4071437485,0.0012966201712947027
978,919040.9790755634,-0.0011101725929179532
979,918716.9880608622,-0.00035253163033828044
980,917531.577490238,-0.0012902891598055855
981,916769.5721027888,-0.0008304950000015435
982,915249.9623612735,-0.0016575700020560716
983,915096.8703547893,-0.00016726797353719367
984,914413.9199212828,-0.0007463149046086557
985,913991.2498659719,-0.0004622305567563165
986,914729.4229247344,0.000807636899008399
987,913268.6488229008,-0.0015969466655647035
988,914951.077359752,0.0018422055098679347
989,912357.7677560737,-0.002834369692379328
990,910998.2809537548,-0.0014900808108014247
991,909778.7696647097,-0.0013386537763478003
992,909005.2316029904,-0.0008502485302051524
993,908210.9679079357,-0.0008737724134480929
994,909328.06046718,0.0012299923682021524
995,908950.8713750782,-0.00041479979393572867
996,908457.2718339732,-0.0005430431463894787
997,911461.9324205674,0.0033074319285577368
998,911864.8160459168,0.0004420191464052064
999,912092.9066088418,0.0002501363786730494
1000,911054.9934673787,-0.0011379467310212313
1001,909460.8750856379,-0.0017497498978340624
1002,908713.9008713734,-0.0008213373820992611
1003,907359.9264415771,-0.0014899897850114095
1004,907600.8758845613,0.00026555001599985387
1005,906744.9161109279,-0.0009431015288511761
1006,906350.1103927008,-0.00043540990548975305
1007,906323.9551029032,-2.8857821605213373e-05
1008,906396.0899757624,7.959060604443292e-05
1009,904070.1567437764,-0.0025661333468993764
1010,904230.9917271273,0.0001779009982258759
1011,904137.8231483798,-0.00010303625909745337
1012,904142.9655815725,5.687665155728607e-06
1013,902519.9688775853,-0.0017950664505179017
1014,902913.1280839804,0.000435623830998559
1015,903253.876379595,0.000377387685499373
1016,902501.5443820903,-0.0008329131124464956
1017,902773.667571369,0.00030152102339609644
1018,901251.5131925959,-0.0016860863729753486
1019,901285.1574061234,3.733054872580426e-05
1020,901835.089385702,0.0006101642471971664
1021,902278.5353125612,0.0004917150952301263
1022,903362.3054230864,0.0012011480580658594
1023,902232.2475646212,-0.0012509464383019403
1024,902387.7622713492,0.00017236660200056758
1025,903422.4523584181,0.001146613607064642
1026,903558.8423371641,0.0001509703222339683
1027,902295.0669111722,-0.0013986642228224456
1028,901839.1852782931,-0.0005052467309167096
1029,900927.2790161575,-0.00101116282927338
1030,902296.6251416384,0.0015199296961862707
1031,900866.5156416536,-0.0015849660301681771
1032,901207.1733606759,0.00037814450099715806
1033,900531.0437733738,-0.0007502487855048443
1034,900878.6062215691,0.00038595276709057596
1035,898512.0200047852,-0.0026269757106452025
1036,899215.2595531704,0.0007826712750949225
1037,899683.8881261108,0.0005211528251569343
1038,901510.9749876591,0.0020308098051570935
1039,898869.1213745615,-0.002930473046247552
1040,898171.6261938832,-0.0007759696757761426
1041,897473.1964404127,-0.0007776128003845645
1042,895962.7284854532,-0.0016830229147236425
1043,894846.1842946118,-0.0012461949089431412
1044,894518.6752565041,-0.0003659947864289894
1045,894383.0223045682,-0.00015164909988826076
1046,894714.0470839714,0.00037011523155960316
1047,893103.9934621113,-0.0017995175409479141
1048,892737.3648884041,-0.0004105105076128429
1049,894330.6673650035,0.001784738198785391
1050,894626.5459421229,0.0003308380087101284
1051,895201.9982412498,0.0006432318622078065
1052,895332.6404278884,0.00014593598639772346
1053,893687.8076861408,-0.001837119152677745
1054,893426.0282128252,-0.00029292049311196484
1055,893945.2482896091,0.0005811562013953602
1056,894846.9136793204,0.0010086360338470751
1057,895467.9847876367,0.0006940529143277269
1058,893460.71806119,-0.002241584021479805
1059,891505.9226931453,-0.0021878917881096595
1060,893013.7228023235,0.00169129567263364
1061,893755.412567519,0.0008305468843950322
1062,892375.5410260432,-0.001543902864332604
1063,891473.4849074701,-0.0010108480982524517
1064,891328.1816947486,-0.00016299218673516074
1065,891390.6622186553,7.009822553570078e-05
1066,892714.1083132845,0.0014846981808571882
1067,891494.1011345955,-0.0013666269719811138
1068,893548.7781967897,0.0023047567668470783
1069,894759.4133476018,0.0013548618501333543
1070,896136.6585676244,0.0015392352396381935
1071,894925.5375573004,-0.0013514914257160618
1072,895489.6815592023,0.0006303809403424552
1073,894121.0156577908,-0.0015283994105084017
1074,893765.824200478,-0.0003972521069214307
1075,895028.980514161,0.0014132967265927678
1076,895320.5877929415,0.0003258076387793745
1077,895730.016628724,0.0004572985826136942
1078,897171.3941251318,0.0016091651163289763
1079,898117.3725862963,0.0010544010513029983
1080,897847.6007644662,-0.000300374795170941
1081,898116.3092654841,0.0002992807474109139
1082,899256.7489035698,0.001269812858669008
1083,900286.4438137467,0.0011450510784960823
1084,899991.4430483925,-0.00032767433896313357
1085,900191.517798374,0.00022230739139456553
1086,898299.6237187185,-0.0021016573054171723
1087,896862.9871402015,-0.0015992844042055211
1088,897111.4777203,0.00027706637876853934
1089,898314.3271031622,0.0013408025788710714
1090,898078.056472372,-0.0002630155432921424
1091,898592.4701187264,0.0005727939154586895
1092,899395.9882784043,0.0008941964087144068
1093,901246.3961020213,0.0020573894566274205
1094,901538.924159695,0.00032458166705456534
1095,899763.365800372,-0.0019694749852071326
1096,901529.2047598659,0.0019625592979362187
1097,901119.8452186076,-0.0004540724128480644
1098,900755.9001810418,-0.0004038808372680825
1099,900092.8541155482,-0.0007360996085180663
1100,900272.1699618378,0.00019921927551110746
1101,903793.6991280111,0.003911627265255331
1102,904121.1011407232,0.000362253037422113
1103,901406.3128220905,-0.003002682179641116
1104,901421.9446535447,1.7341604148843785e-05
1105,900728.7787676628,-0.0007689693932937073
1106,900537.0486466812,-0.00021286110258838896
1107,899338.0164807073,-0.0013314634503664312
1108,898354.8550952927,-0.0010932056328075252
1109,899942.3735977882,0.0017671396703556402
1110,899876.7449326258,-7.292540843476082e-05
1111,900454.5358083821,0.0006420777945534726
1112,900867.6432470641,0.0004587765647836175
1113,901686.0686511428,0.0009084857361829147
1114,902873.6113593351,0.0013170245714995332
1115,902938.1798031538,7.151437699181874e-05
1116,902851.9632457038,-9.548445217900321e-05
1117,902259.6497805262,-0.0006560471586596864
1118,901537.6234241769,-0.0008002423210711748
1119,901368.6645298766,-0.00018741191705195774
1120,901581.9417686086,0.00023661488037564034
1121,898525.2818859174,-0.0033903295319946815
1122,896977.3333493113,-0.001722765700434341
1123,896170.3743547704,-0.0008996425712650604
1124,897013.753201816,0.0009410920860364432
1125,897561.6942797115,0.0006108502527855704
1126,898099.2199364094,0.0005988732140906302
1127,898686.5287242432,0.0006539464402111024
1128,898983.0353725717,0.00032993334032659777
1129,898733.531348771,-0.00027754030274588755
1130,897824.0223638265,-0.0010119895978282815
1131,896397.0278771726,-0.0015893921872316326
1132,896425.0369916364,3.1246326786852656e-05
1133,896024.9412747811,-0.0004463236749811895
1134,896114.3386584973,9.977108850229541e-05
1135,896858.5638526706,0.0008305024951251246
1136,895310.7020471583,-0.001725870575247814
1137,896203.3386691322,0.0009970132378993115
1138,896084.955760976,-0.00013209380399325162
1139,897720.5146347138,0.0018252274666846278
1140,897287.9267906726,-0.0004818736310344851
1141,898710.3674976177,0.0015852667404461585
1142,899607.0974671209,0.0009977964001906345
1143,900126.5195081208,0.0005773876645286999
1144,899547.9572530807,-0.0006427565931023996
1145,898682.377438332,-0.0009622386530584919
1146,899365.613274455,0.000760263974542979
1147,899267.8246021093,-0.00010873072185810683
1148,899012.3373462042,-0.00028410585691542945
1149,900913.1857127956,0.0021143740609861905
1150,901198.3629190892,0.00031654238256922983
1151,901100.4089657883,-0.0001086929996006107
1152,900059.0751483008,-0.0011556246197719814
1153,899227.6053509499,-0.0009237946933804677
1154,899620.3702319011,0.0004367802752205953
1155,899180.7957330329,-0.000488622216007499
1156,899831.5017225202,0.000723665354704203
1157,899759.3935050366,-8.01352445936652e-05
1158,898641.233613822,-0.0012427321118135253
1159,896565.4263729319,-0.002309939899532981
1160,897399.9562059047,0.0009308075110021785
1161,895359.6701577966,-0.002273552649516727
1162,896940.2137101362,0.0017652610509708427
1163,897827.3609434171,0.0009890817913171613
1164,898061.6692874285,0.0002609726036475674
1165,899647.3663648784,0.0017656884061292317
1166,900168.047768947,0.0005787616609966518
1167,900221.6031803875,5.9494903838554845e-05
1168,901461.6786135861,0.0013775224109458608
1169,901401.0276443069,-6.728069613842088e-05
1170,900867.7447691901,-0.0005916155615114649
1171,900558.048749048,-0.00034377523442290144
1172,899752.3936994403,-0.0008946175659935119
1173,899711.9592698842,-4.4939507623736724e-05
1174,900312.7979174084,0.0006678122273842224
1175,901749.484279803,0.0015957635676377379
1176,902179.2550293482,0.0004765966125153195
1177,899577.8128920716,-0.002883509150509132
1178,897825.9360470285,-0.0019474433672512339
1179,897609.8088303735,-0.00024072284835814953
1180,895930.7361548115,-0.0018706041968836174
1181,896558.2331414068,0.0007003856004409966
1182,895559.6497037199,-0.0011137965173639804
1183,896337.3876545038,0.0008684379103516134
1184,898215.3608448505,0.002095163290310728
1185,897512.6701005454,-0.000782318778922021
1186,898210.5161743327,0.0007775333953883156
1187,899014.0003534661,0.0008945388243233233
1188,898735.216701634,-0.0003100993440842215
1189,899181.1636162135,0.0004961938803467784
1190,900715.9957535091,0.001706922030175802
1191,901818.629342678,0.0012241745393301996
1192,900251.3559950447,-0.0017379030512772514
1193,901381.7835770366,0.00125567995478599
1194,900547.2604482888,-0.0009258264854611421
1195,899565.7078569507,-0.00108995122682339
1196,900023.9944696265,0.0005094531824334893
1197,900860.0918549106,0.0009289723278731518
1198,898611.7275077059,-0.0024957974801339032
1199,897527.1518812282,-0.0012069457734385231
1200,896984.1874738894,-0.0006049559684079758
1201,898423.6398932852,0.0016047690020596854
1202,898246.746788868,-0.00019689275366603323
1203,899991.0742314024,0.001941924586724261
1204,899896.0278222729,-0.00010560816862621059
1205,899188.9712526221,-0.0007857091794946906
1206,897176.4658750059,-0.0022381339651137127
1207,898304.2842117791,0.0012570752574001703
1208,899066.9857020209,0.0008490458118109021
1209,899124.2800841191,6.372648869248998e-05
1210,897690.6807385626,-0.0015944395867302545
1211,898296.7448962663,0.0006751369605452823
1212,898946.4181964574,0.0007232279354036857
1213,898664.8023420034,-0.00031327323715132606
1214,898533.2987663044,-0.00014633217564140064
1215,897781.9194632181,-0.0008362286674494622
1216,900051.5271914384,0.0025280167477390093
1217,899439.7613862291,-0.0006797008690360986
1218,897157.3584272267,-0.0025375829010324644
1219,897936.2876456302,0.0008682191714606693
1220,896884.9595189252,-0.0011708270855848568
1221,894613.5968109507,-0.002532501725965868
1222,894607.482028036,-6.835110640429824e-06
1223,895973.4362839361,0.0015268755105910298
1224,893209.0094722843,-0.003085389253410565
1225,894234.6472454108,0.0011482617867148875
1226,894677.5265415992,0.0004952607210563793
1227,895943.5781836557,0.0014150927060284082
1228,895521.296368133,-0.0004713263488966465
1229,896039.7162481486,0.0005789029050655088
1230,893444.4063966805,-0.0028964227861852185
1231,894052.1010915721,0.0006801706861005983
1232,893431.983811879,-0.0006936030673559374
1233,893211.3021877941,-0.00024700439214552926
1234,892618.8939561294,-0.0006632341420374575
1235,891859.0729497214,-0.0008512266674532451
1236,893301.4494493612,0.001617269525407562
1237,893531.5440889294,0.00025757781957039554
1238,892923.9250407936,-0.0006800196950577349
1239,894305.7927016562,0.0015475760275988745
1240,895148.0486115284,0.0009417985623549512
1241,894211.280537902,-0.0010464951301400445
1242,893014.9274677425,-0.0013378863543746702
1243,892404.7577755881,-0.0006832693087052929
1244,893639.5482179347,0.0013836663594493145
1245,892862.3195823747,-0.0008697339291999166
1246,891595.6213602195,-0.00141869378332326
1247,890104.1409584635,-0.0016728215864055102
1248,889436.4570067249,-0.0007501189141977006
1249,889584.8396693389,0.00016682772720308077
1250,889217.0223864757,-0.0004134707185431721
1251,889193.8754479749,-2.6030696576959196e-05
1252,889880.6375940033,0.0007723424159691465
1253,887829.1577057783,-0.0023053427634651515
1254,889712.4371239722,0.0021212182567426747
1255,889487.2612647803,-0.000253088357312178
1256,888981.5446500122,-0.0005685484624580829
1257,889094.5911544793,0.00012716406223219127
1258,887191.3162626293,-0.0021406888657128993
1259,887696.8522520873,0.0005698162055818903
1260,887723.0987180464,2.9566924668633492e-05
1261,886182.5017300395,-0.0017354476753299807
1262,884984.0978257183,-0.001352321786970029
1263,885155.2324245522,0.00019337590274707953
1264,885928.5145006893,0.0008736118228878599
1265,886384.5338489697,0.0005147360546775054
1266,886582.2419243741,0.00022305000578686464
1267,886490.8584990309,-0.00010307382780964237
1268,886438.5063309451,-5.9055508112637465e-05
1269,886463.3540768436,2.8030986606590666e-05
1270,885771.6388055861,-0.0007803089299475818
1271,885328.4956940286,-0.0005002904723334078
1272,885581.6369090182,0.00028592913954627474
1273,886988.9069715978,0.0015890912863680295
1274,887648.5410733207,0.0007436779609510688
1275,886078.9004056132,-0.001768313240068484
1276,885133.0279070798,-0.0010674811217155392
1277,886344.1370086018,0.0013682791889324418
1278,885067.8545340555,-0.0014399401104561692
1279,885474.3208082144,0.0004592487141823687
1280,886906.630101911,0.001617561639042587
1281,886682.11153535,-0.00025314791765086855
1282,887725.1109012362,0.0011762945844031789
1283,886685.747707696,-0.0011708164844914134
1284,886420.6524723562,-0.00029897315483548586
1285,885340.2545532781,-0.0012188320703773515
1286,884841.7113974711,-0.0005631091021140874
1287,884224.1907862232,-0.0006978882248585461
1288,884367.3010398281,0.00016184838087012176
1289,883974.3377458027,-0.00044434398870622283
1290,884704.6483017463,0.0008261671462160099
1291,883534.3045829871,-0.0013228637613759667
1292,882287.5982735964,-0.0014110445999933683
1293,880178.3112073763,-0.002390702385874391
1294,879211.8992341456,-0.0010979729458511546
1295,878797.753452421,-0.000471042057193888
1296,881642.1466691317,0.003236686945928398
1297,881760.9471410761,0.0001347490843004916
1298,883612.8872352013,0.0021002745700291555
1299,881083.3165689502,-0.002862758910370891
1300,880556.2593584779,-0.0005981922487475116
1301,880646.6045780799,0.00010260016738489114
1302,881812.8033167884,0.0013242528077051282
1303,883038.3624560017,0.001389817810087992
1304,882492.2255642067,-0.0006184747062132138
1305,883384.3645104872,0.0010109312245896458
1306,884997.3378407944,0.001825902059293264
1307,884589.8583810502,-0.0004604301530876274
1308,883262.9333487727,-0.0015000454953281665
1309,884023.5053224188,0.0008610935033381886
1310,883267.0251089298,-0.000855724094364455
1311,882692.1860184217,-0.000650810088191941
1312,881298.4753329331,-0.001578931713188915
1313,882543.6294623285,0.0014128631380248206
1314,881081.2054760007,-0.0016570557392372614
1315,880892.830541477,-0.00021379974212700045
1316,880487.9981014589,-0.00045957059245132565
1317,878610.5090880464,-0.002132327774439644
1318,879533.4361920124,0.001050439409066437
1319,878091.9581292953,-0.0016389121816199335
1320,876548.185631568,-0.0017580988909364195
1321,874957.0184279034,-0.0018152649560481192
1322,875074.2055908742,0.00013393476536862714
1323,875229.8865203105,0.00017790597464957653
1324,875832.1348382565,0.000688103008388306
1325,875811.8202601601,-2.3194602353947535e-05
1326,875920.2788961431,0.00012383783076908375
1327,876391.501555183,0.0005379743686648515
1328,877110.5395123492,0.0008204529093336149
1329,875973.6816243471,-0.0012961398099652624
1330,873775.8598858006,-0.0025090043053245473
1331,873298.6444497932,-0.0005461531474099646
1332,872055.8914531034,-0.0014230561384561996
1333,872810.9969056252,0.0008658911199643307
1334,873600.5586243671,0.000904619352346761
1335,874017.475065259,0.00047723921050190585
1336,873550.9631910837,-0.0005337557743229892
1337,873529.6009171499,-2.44545250752116e-05
1338,872261.3506627793,-0.0014518686636824216
1339,870381.1756572664,-0.002155517958103109
1340,870031.5304338974,-0.0004017150567450786
1341,870415.1863224223,0.0004409677984125695
1342,871326.1203004309,0.0010465511083938516
1343,868973.1135175652,-0.0027004892061016413
1344,868360.6789555639,-0.0007047796444727186
1345,869601.5168573976,0.0014289429863707551
1346,869386.4441598903,-0.00024732327777505803
1347,869173.2626288271,-0.0002452091730843206
1348,867498.8246205555,-0.0019264720628971736
1349,867423.1482269992,-8.723515399504209e-05
1350,868886.9006419092,0.0016874721615417986
1351,869703.3423897328,0.0009396409903526564
1352,870755.6247858211,0.0012099325652777443
1353,869443.6331391718,-0.0015067277308395512
1354,867628.5248158721,-0.002087666473266509
1355,868461.4089838946,0.0009599548011625131
1356,866289.0567111016,-0.0025013803150271633
1357,866318.6496563663,3.416058997342007e-05
1358,865637.4326733699,-0.0007863353550874748
1359,866631.2319199764,0.0011480548427040154
1360,866810.8934476671,0.00020731023885751235
1361,868258.8710080486,0.0016704653475480829
1362,867341.9179140964,-0.0010560826091965912
1363,868170.6398807379,0.000955473210189719
1364,868882.7204212839,0.0008202080418704357
1365,869386.592203487,0.0005799077025709325
1366,869923.7870621168,0.0006179010160121078
1367,870923.7610368152,0.0011494960703115628
1368,871160.4787920128,0.000271800777275545
1369,871427.2168312267,0.000306187029494039
1370,871259.8623821435,-0.00019204638763953822
1371,871266.4464641089,7.556966927617245e-06
1372,871582.4031048294,0.0003626406617662619
1373,871917.6264837664,0.0003846146706758076
1374,872218.8198492323,0.00034543786742860825
1375,872584.0642068536,0.00041875312629052384
1376,872530.9573383834,-6.086160709166311e-05
1377,872494.6667550727,-4.159231601531711e-05
1378,873306.1261887165,0.0009300451504898876
1379,874744.3877063924,0.0016469156399403781
1380,875114.0754818338,0.0004226237751700952
1381,874698.3312853995,-0.00047507428812108366
1382,872821.6099959203,-0.0021455640446018305
1383,873175.7606484552,0.0004057537628296873
1384,872983.4325691012,-0.00022026273291323096
1385,872754.4759450614,-0.0002622691513927155
1386,871573.0344153006,-0.0013536928910980522
1387,872383.3644943581,0.0009297328474613731
1388,873014.9854625241,0.0007240176668569717
1389,873869.4127616598,0.0009787086285615561
1390,873347.6002889386,-0.0005971286614462753
1391,873426.2694562307,9.007772766083581e-05
1392,872949.1392028288,-0.0005462742192297254
1393,873340.4246248099,0.00044823392842616947
1394,873008.9768760474,-0.000379517241406557
1395,872641.602316745,-0.0004208141829389528
1396,872375.2198115176,-0.0003052599194447487
1397,871183.8928452387,-0.0013656130289170152
1398,871344.9413307589,0.00018486164269429256
1399,871396.5990216805,5.9285006971851914e-05
1400,871389.4578017043,-8.195143272603048e-06
1401,870823.8756150313,-0.000649057871436469
1402,869852.0702021281,-0.0011159609194417693
1403,870210.955102904,0.00041258153319386837
1404,869252.9316591647,-0.0011009094267561722
1405,868290.7955054215,-0.0011068540797519082
1406,868164.5577922974,-0.00014538644631207858
1407,866689.5237869769,-0.0016990258264763286
1408,865382.2472028377,-0.0015083562778364964
1409,865384.9419778227,3.1139707264326844e-06
1410,864446.3519106461,-0.0010845925571936602
1411,865748.0133707264,0.0015057747160402701
1412,865386.7517472246,-0.000417282647978864
1413,864532.1213224889,-0.0009875704972490172
1414,863510.1606801698,-0.0011820967863585524
1415,862193.9043364885,-0.0015243090395654132
1416,862556.6957712988,0.0004207770815656264
1417,863836.6169605458,0.0014838690552421317
1418,865033.5744172547,0.0013856294503009643
1419,864044.4943840724,-0.0011434007447035735
1420,863854.0308104974,-0.00022043259903043578
1421,863461.5975550981,-0.0004542819057416839
1422,864932.7975636729,0.0017038395369759086
1423,864337.304618593,-0.0006884846392197155
1424,862335.4150186507,-0.0023160976498933237
1425,860042.5069003792,-0.0026589515846590973
1426,860829.3277398205,0.0009148627342583247
1427,860510.7727577667,-0.00037005591211698984
1428,860035.7625383943,-0.0005520096138367096
1429,859373.0868732479,-0.0007705210573924881
1430,858609.5356359766,-0.0008884979631482255
1431,858503.8629804561,-0.00012307416949687466
1432,860136.7467075144,0.0019020109255996154
1433,862914.3703633903,0.003229281467752976
1434,860835.4087765889,-0.0024092327792918315
1435,862363.9267293654,0.0017756216080247317
1436,863506.6712996687,0.001325130301585522
1437,863550.0519215126,5.023773791876151e-05
1438,861568.6115477094,-0.0022945286951163673
1439,859951.8002417106,-0.0018765903078739232
1440,859814.35774075,-0.00015982581921688204
1441,858614.8303401964,-0.0013951004536670642
1442,857796.9456117066,-0.0009525630114794715
1443,857656.9577660494,-0.00016319461892853125
1444,857245.3245994134,-0.0004799508275525188
1445,856445.3773915395,-0.0009331601875434333
1446,855476.9359880335,-0.0011307684401958467
1447,856755.3430937661,0.001494379394642704
1448,856763.7996374356,9.870430033055901e-06
1449,856506.0395240975,-0.00030085317965955564
1450,856076.9400927388,-0.0005009882143937346
1451,855036.2279351667,-0.0012156759618585375
1452,853338.9389436751,-0.001985049213166486
1453,853461.9702818051,0.0001441764022655577
1454,854197.3524518668,0.0008616460904741672
1455,854542.7459386945,0.00040434858037923324
1456,854085.1698559589,-0.0005354630706424393
1457,853584.1423727395,-0.0005866247312359906
1458,852789.792794455,-0.0009306048916003279
1459,851146.311409545,-0.0019271822889958855
1460,851184.8024841854,4.522262991033461e-05
1461,851210.2631596702,2.9912041909614218e-05
1462,852654.9092543036,0.0016971671479510766
1463,851849.6946944718,-0.0009443616064275992
1464,851980.8246469779,0.0001539355514510032
1465,851360.4936952475,-0.0007281043584373214
1466,850518.7587375955,-0.0009886939362178586
1467,848527.9768213064,-0.002340667852222324
1468,847984.0859085759,-0.0006409817090156109
1469,847797.9373738705,-0.00021951890111940856
1470,848318.9913109578,0.0006145968445043781
1471,846769.4514635849,-0.001826600445403584
1472,844994.8669536075,-0.0020957115386131616
1473,845600.9415677168,0.0007172524210641314
1474,846727.4391170444,0.0013321857793100165
1475,847166.3768970682,0.0005183932393657911
1476,846635.4052087083,-0.0006267619948572269
1477,846811.9685971101,0.00020854713530241481
1478,847909.4738219593,0.0012960435911970167
1479,847106.05413117,-0.0009475300319123507
1480,848546.6402224428,0.0017005970908215212
1481,847117.7369515675,-0.0016839419345302644
1482,844355.0760956584,-0.003261247799923072
1483,844020.8032167167,-0.000395891359458996
1484,843414.1755599556,-0.0007187354321707746
1485,843424.8676940812,1.2677204670420395e-05
1486,843593.6881217891,0.00020016060016054852
1487,844675.0824920408,0.0012818900680247433
1488,843359.0596193183,-0.0015580226053784124
1489,845708.3070075625,0.0027855838642494237
1490,844972.9971610844,-0.0008694603569401542
1491,845009.4187042543,4.310379537837436e-05
1492,846429.7997562783,0.0016809055858832795
1493,845802.8566045963,-0.0007406912562182425
1494,845003.2804053483,-0.0009453458249807741
1495,844409.4888851469,-0.0007027091302137032
1496,844276.1612549198,-0.0001578945191664196
1497,844971.3413966733,0.0008234037316891803
1498,843999.058688328,-0.0011506694496149668
1499,844146.033435002,0.00017414088933033375
1500,844281.8834428852,0.00016093187967782273
1501,844475.4921176691,0.00022931757577733115
1502,847088.3414276557,0.0030940498976878535
1503,847729.4856942109,0.0007568800504025804
1504,846776.8903746223,-0.0011237020012444961
1505,846732.3550733435,-5.2593902579353694e-05
1506,847817.3026795919,0.001281334768593382
1507,848702.7068867679,0.0010443337313092791
1508,848604.9681986694,-0.00011516245595236406
1509,850005.2701229524,0.001650122232085737
1510,850432.1421709803,0.0005021992957363467
1511,851099.759025505,0.0007850324810400692
1512,850180.6512697923,-0.0010799060227264805
1513,848587.9545519562,-0.0018733626970425803
1514,849204.0013984872,0.0007259669940240476
1515,850162.7849877635,0.0011290380022907418
1516,850337.6069263067,0.0002056334876452484
1517,849617.322665883,-0.0008470568096209815
1518,847466.4593933705,-0.00253156711278389
1519,846240.4845072185,-0.0014466352887046998
1520,845731.046130329,-0.0006020018968793524
1521,845224.8629643611,-0.0005985155307754022
1522,846300.3172241104,0.0012723883393319154
1523,844453.9630404353,-0.0021816772912612373
1524,847060.4206706682,0.0030865597703496144
1525,847570.4735285104,0.000602144599600511
1526,847513.0555562382,-6.774418654914429e-05
1527,846964.1426438781,-0.0006476748750493074
1528,845460.7187438129,-0.0017750738483121211
1529,844778.6397378995,-0.0008067542238115776
1530,844030.7682551168,-0.0008852869232285495
1531,843000.7784937953,-0.0012203225285859856
1532,841839.8508682086,-0.00137713707413295
1533,842439.2199005424,0.0007119751241470631
1534,843705.6269702425,0.0015032622411021918
1535,844436.2360496508,0.0008659525977466446
1536,844455.8620372531,2.3241527026473345e-05
1537,844956.2645278528,0.0005925738846698749
1538,843469.411115118,-0.0017596809150419624
1539,842888.5396195794,-0.0006886693078419525
1540,841639.8429629394,-0.0014814493233038981
1541,841367.3473150631,-0.00032376752378664376
1542,841654.4348045787,0.00034121539233924965
1543,842889.724562974,0.0014676923299074703
1544,842316.4706780702,-0.0006801054375184857
1545,840405.7911990291,-0.0022683629556751127
1546,839261.5035006526,-0.0013615894968356569
1547,839802.0093214994,0.0006440255136119762
1548,839528.6016725583,-0.0003255620323675224
1549,837546.2507699084,-0.002361266666437054
1550,836704.6932830494,-0.001004789271142266
1551,836940.9843830059,0.0002824068059536471
1552,835707.1053879078,-0.0014742724016648253
1553,837698.1146574094,0.0023824247235248613
1554,837526.1614960302,-0.00020526865032939595
1555,838191.1318488542,0.000793969649421191
1556,838227.2847084539,4.313199964300982e-05
1557,838001.1178383969,-0.0002698156862498988
1558,837822.4149088834,-0.00021324903476798303
1559,838783.6935428235,0.0011473536835902068
1560,838135.9534310163,-0.0007722373679814209
1561,838934.6386511448,0.0009529303889887884
1562,839140.2964264177,0.00024514159482496586
1563,838169.6787535526,-0.0011566810424890107
1564,836370.8443892592,-0.0021461458340612297
1565,836818.3895133774,0.0005351036888965516
1566,838347.28976297,0.00182703949716207
1567,839189.5518666003,0.0010046696803522597
1568,839728.7642454806,0.0006425394330529902
1569,838458.1827791091,-0.0015130855586603551
1570,838593.0177883261,0.00016081303991823714
1571,839817.8812373701,0.001460617275677244
1572,840403.7473692822,0.0006976109285133333
1573,838630.8045181734,-0.0021096322531385407
1574,837173.5841342377,-0.0017376184801283982
1575,837624.9840776131,0.0005391951584834019
1576,837923.441924537,0.0003563144039363957
1577,836632.7829999245,-0.0015403065006130783
1578,835610.3247106789,-0.0012221111938494303
1579,836501.1298198794,0.0010660532581487252
1580,837407.4996860316,0.0010835249754502336
1581,839627.474143874,0.002651008569513346
1582,838251.5807128103,-0.0016386951040003436
1583,838681.751559454,0.0005131763023672963
1584,837956.719058591,-0.0008644906122195046
1585,838979.5550255402,0.0012206310226836432
1586,839491.1711983136,0.0006098076761332279
1587,837676.2320998522,-0.0021619513828486357
1588,838020.6227390819,0.0004111261917583281
1589,839257.8192486439,0.0014763318180861585
1590,838860.3173696479,-0.0004736350021163925
1591,840482.3288357644,0.001933589457661496
1592,837682.0475588597,-0.0033317550897038997
1593,837569.6636072816,-0.00013416063040333902
1594,835200.9094059516,-0.0028281279805767528
1595,834027.3762796695,-0.001405090814755995
1596,833941.1062304106,-0.00010343791068784453
1597,837411.7334857167,0.004161717451480572
1598,837051.985239081,-0.00042959542152380415
1599,836174.9639199076,-0.0010477501214251296
1600,836411.7322563082,0.00028315645243750826
1601,836553.762055208,0.00016980847281593836
1602,837137.1658881812,0.0006973895276496437
1603,836898.7215044481,-0.0002848331115249286
1604,837185.5872862766,0.00034277239820948105
1605,836800.1787545938,-0.00046036211986412006
1606,835286.3331735802,-0.0018090885009927255
1607,835005.2996885481,-0.00033645167395998925
1608,834643.7310067471,-0.0004330136370821044
1609,835001.8884215099,0.00042911412553324935
1610,834236.5389760489,-0.0009165840892980077
1611,833750.3373344279,-0.0005828102928910754
1612,833520.8734260502,-0.00027521896915964265
1613,831521.0384349113,-0.002399262039976158
1614,831575.5575038288,6.556547146432781e-05
1615,831003.969499031,-0.0006873554659465586
1616,831580.2933518232,0.0006935271959527479
1617,832212.8084854021,0.0007606182333030699
1618,831546.8438307657,-0.0008002336035280267
1619,831739.5351356413,0.00023172633785484035
1620,830822.7463879347,-0.0011022546229657968
1621,828671.8338344608,-0.002588894638266824
1622,829906.6289681748,0.0014900894217681957
1623,829627.6609038246,-0.0003361439162102298
1624,829510.560103126,-0.00014114862150455478
1625,828306.1245183925,-0.0014519834257248735
1626,827998.0321366508,-0.0003719547310130917
1627,826405.3212148348,-0.001923568486879071
1628,827107.0576384371,0.0008491431572230912
1629,827872.7309502994,0.0009257245537819933
1630,827034.2673404476,-0.0010127928828979834
1631,825406.4997983035,-0.0019681984246900605
1632,825089.5924088882,-0.0003839409908847958
1633,826134.1496705667,0.0012659925313430172
1634,825580.6066645643,-0.0006700400972687722
1635,822341.1169844412,-0.003923892656843113
1636,821389.6356092958,-0.0011570397679183282
1637,822332.9486495276,0.0011484355284469632
1638,819864.7482693837,-0.0030014611286065243
1639,819877.2433174379,1.5240377245925475e-05
1640,819083.04200713,-0.0009686831983461393
1641,820717.3129249815,0.001995244479542346
1642,821367.1326962186,0.0007917705170872723
1643,821547.9677176566,0.00022016344974076126
1644,821226.288248624,-0.00039155287539245805
1645,819323.8892607554,-0.002316534449872143
1646,820477.4570773712,0.0014079509113991823
1647,822594.1234805653,0.0025797983661048625
1648,822686.7941474157,0.00011265661181518794
1649,822764.1887883962,9.407546289925376e-05
1650,821820.5327430646,-0.0011469337851483898
1651,824447.59426475,0.0031966365124960665
1652,824820.9966285512,0.00045291218798951786
1653,826202.2411481527,0.0016745991254434615
1654,827017.4470313502,0.0009866904767343828
1655,825908.2091133096,-0.0013412509276827266
1656,826155.3499492699,0.00029923523368971983
1657,824357.7109250331,-0.0021759091971591126
1658,824770.118923841,0.0005002779659150485
1659,824753.4143628965,-2.02535961976578e-05
1660,825214.6728064682,0.0005592683043671367
1661,822810.9072810521,-0.0029128972189032564
1662,822067.851788793,-0.0009030695700358366
1663,822142.4066893265,9.069190623534376e-05
1664,820143.067554727,-0.0024318647454893588
1665,820687.4891063763,0.000663812904341856
1666,822029.7388419039,0.0016355187002900383
1667,820823.2153948394,-0.0014677369808593914
1668,819861.788213683,-0.0011712962829566105
1669,819822.5008502047,-4.791949575283271e-05
1670,821018.1624037697,0.0014584395431022873
1671,822613.2993371418,0.0019428765481897445
1672,822053.2502216916,-0.0006808169961530199
1673,821945.254133585,-0.00013137359176842867
1674,822489.8162237402,0.0006625284195225721
1675,822895.8697981623,0.0004936882699488247
1676,821874.6153963191,-0.0012410493712815334
1677,820808.2046837904,-0.0012975345539956687
1678,821940.1606140238,0.0013790748237822836
1679,822656.642758026,0.0008716962357295917
1680,822464.8080941085,-0.00023318922372571067
1681,820152.4357771722,-0.0028115152091366764
1682,821485.3624815224,0.0016252182474921092
1683,821762.4074935224,0.0003372488721687338
1684,821471.9130404643,-0.00035350175477624567
1685,821302.4856721907,-0.00020624852241937043
1686,822554.3505441159,0.0015242433741091464
1687,824159.8606695912,0.0019518590162623491
1688,825242.917490788,0.0013141343965925164
1689,824445.4854918871,-0.0009662997185430002
1690,823713.0664860923,-0.000888377726221423
1691,823392.2899212602,-0.0003894275541852101
1692,824160.3309458497,0.0009327765561940009
1693,822541.1471348235,-0.0019646466230277054
1694,822238.4071411365,-0.00036805452802156076
1695,822445.5395602816,0.0002519128483249383
1696,821438.1806409687,-0.001224833585761083
1697,822166.5155891395,0.0008866582602752815
1698,820780.8191991844,-0.0016854206096707444
1699,821256.8065703873,0.000579920193148905
1700,821317.4412882114,7.383161678411872e-05
1701,820443.3248610488,-0.0010642857234244541
1702,820278.0144875919,-0.00020148908333785637
1703,820455.5121925421,0.00021638725141382686
1704,820157.7323197254,-0.0003629445696828422
1705,820106.1468724078,-6.289698345193194e-05
1706,821020.2346963171,0.0011145969669845335
1707,822390.1716128058,0.0016685787494572619
1708,822185.5786413321,-0.0002487784734494918
1709,820874.4971780841,-0.0015946296034705148
1710,820096.3288788192,-0.0009479747536803271
1711,818058.0302691986,-0.002485438036781952
1712,815235.5881266732,-0.003450173506146693
1713,815656.566695305,0.0005163888509813114
1714,816000.2383134806,0.0004213435313443111
1715,816936.7790276937,0.0011477211283034629
1716,817201.7511691671,0.0003243484052570184
1717,818042.6063308874,0.0010289443953311367
1718,816832.1854610011,-0.0014796550454936742
1719,815896.7551998134,-0.0011451927064551036
1720,815500.3696066194,-0.0004858281279681936
1721,813778.5249806549,-0.002111396499789441
1722,812801.2270524962,-0.0012009384594930275
1723,813075.0685735196,0.00033691081153564364
1724,812037.6954137229,-0.0012758639391276538
1725,811368.9153247267,-0.0008235825661460586
1726,810914.0151263202,-0.0005606576611632692
1727,811112.9801431625,0.0002453589568449625
1728,810585.4749142128,-0.0006503474138172532
1729,812445.9750224346,0.002295254684175882
1730,812802.4300386322,0.0004387430391144392
1731,811963.2623309104,-0.0010324374985959796
1732,813850.2433314204,0.0023239733717667892
1733,810831.0211598049,-0.003709800662166733
1734,811407.2240979887,0.0007106325771300631
1735,810644.5144462798,-0.0009399838072143267
1736,810644.6656342585,1.8650342534936278e-07
1737,811341.9844207679,0.0008602027695621042
1738,811296.6334197214,-5.5896282846571124e-05
1739,811531.8878040394,0.0002899733274208096
1740,810508.8603240603,-0.0012606127933522725
1741,809752.2082645821,-0.0009335518666331328
1742,809139.2718812432,-0.000756943145178314
1743,808225.8972237059,-0.001128822551664972
1744,807813.4516439977,-0.0005103097798832909
1745,808788.4220123484,0.0012069251463522393
1746,809968.6786499616,0.001459289729539616
1747,810440.0578409963,0.0005819721224534152
1748,810921.2620710259,0.0005937567194192308
1749,812533.0054667203,0.0019875461047576377
1750,811846.2247479887,-0.0008452342416996212
1751,812733.4099967434,0.0010927996235125482
1752,812266.7982288317,-0.000574126475142164
1753,812989.3930437469,0.000889602796138961
1754,812025.9191247979,-0.0011851002327864031
1755,811493.6427430074,-0.0006554918620876158
1756,810956.3229737465,-0.0006621367574053854
1757,810394.9093909019,-0.0006922858444285393
1758,811558.345267367,0.001435640652456096
1759,812176.1549812562,0.0007612634599743114
1760,812496.5470943411,0.00039448598819340983
1761,811727.2209711042,-0.0009468669448358688
1762,811457.2492870978,-0.00033258917162271983
1763,810459.5421415588,-0.0012295252108666564
1764,808335.9813284182,-0.0026201934861909224
1765,808495.1393994377,0.00019689593769894268
1766,810995.2336462421,0.0030922811096446077
1767,811782.7087586576,0.0009709984470253981
1768,811387.0029090999,-0.0004874529172501658
1769,809511.9754032423,-0.002310891718914676
1770,808642.5257203118,-0.0010740417799222617
1771,807834.7889315821,-0.0009988799290640402
1772,807996.6047883856,0.00020030810633626483
1773,808033.6740966836,4.5878049583842413e-05
1774,805462.7809364779,-0.0031816658669327545
1775,805406.2644924308,-7.016642529576443e-05
1776,805629.2603525069,0.0002768737591289737
1777,807626.0186723779,0.002478507693473476
1778,808327.1859033942,0.0008681830634542281
1779,808551.4946108847,0.0002774974186223335
1780,808313.2488004519,-0.0002946575598719053
1781,807295.4531805301,-0.001259159888115383
1782,808614.792075482,0.0016342701916058245
1783,808905.7509289627,0.00035982380774156694
1784,809166.5413799665,0.00032239905663215265
1785,807898.15032943,-0.0015675278025873373
1786,807932.972588157,4.310228797137826e-05
1787,806318.056318101,-0.0019988245619964847
1788,805521.1427054129,-0.0009883365583142614
1789,805807.8847889736,0.0003559708968005819
1790,806120.4648425647,0.00038790890420849135
1791,805743.3365621087,-0.00046783117028246916
1792,805054.2540620625,-0.0008552134020572435
1793,805434.5515316017,0.00047238737963354834
1794,805836.8034752212,0.0004994222595175985
1795,806016.8972783402,0.00022348669400847057
1796,804916.1256566332,-0.0013656929841346548
1797,804903.0850206772,-1.620123580621194e-05
1798,802219.7150377345,-0.003333780218861719
1799,803483.6755433718,0.0015755789616537742
1800,804083.3817535515,0.0007463825693461125
1801,804585.1977316609,0.0006240845035436581
1802,804779.4343245275,0.00024141208838318333
1803,806181.149777341,0.0017417386591023413
1804,807363.4808565964,0.0014665823922847508
1805,808332.0709464236,0.0011996951965173596
1806,808004.7410970911,-0.0004049447759127079
1807,809810.9950320689,0.0022354496738785433
1808,808721.085353554,-0.0013458815516227578
1809,808103.07081002,-0.0007641874989123625
1810,808013.8710574164,-0.00011038165281828441
1811,808191.0551661775,0.00021928349884532157
1812,809834.1956069552,0.002033108916851229
1813,808595.3573476688,-0.001529743083221965
1814,807691.5464700421,-0.001117754225786574
1815,808263.853457372,0.0007085712235459129
1816,808426.166082593,0.00020081638505381604
1817,809717.1993099776,0.0015969711045357943
1818,808625.369002743,-0.0013484094300639496
1819,808194.6093557867,-0.0005327060756053054
1820,808112.7794197295,-0.00010125028688627303
1821,808019.698621636,-0.00011518293048193053
1822,810446.1224499753,0.0030029265777535455
1823,809784.9294979996,-0.0008158382570539741
1824,809644.5921465263,-0.00017330200447207488
1825,809222.569949994,-0.0005212437662474594
1826,808689.1630509857,-0.0006591596908144564
1827,808320.3066397399,-0.0004561164265564822
1828,809424.8325833576,0.0013664458687290676
1829,808952.2081246851,-0.0005839016047531581
1830,810614.32321537,0.002054651775458983
1831,811422.2476270435,0.0009966816382775772
1832,811497.9300048423,9.327126292156848e-05
1833,810758.6178757111,-0.0009110462291960176
1834,811323.784540254,0.0006970837584480901
1835,808891.0609157066,-0.0029984621071179477
1836,810668.7399995512,0.002197674284881109
1837,809116.394751323,-0.0019148946686029008
1838,807349.5309260398,-0.00218369549392987
1839,807426.7287000893,9.56187761215764e-05
1840,806553.6478255062,-0.001081312822017562
1841,806425.8433195443,-0.00015845753882137373
1842,806175.9613139214,-0.00030986358844150354
1843,805019.2378796596,-0.0014348274939586319
1844,803843.2115357865,-0.0014608673787357628
1845,802576.8987294236,-0.0015753231329073592
1846,803440.798515867,0.0010764074916820943
1847,803219.1589384981,-0.0002758629855221116
1848,801188.8971816706,-0.002527656037874625
1849,801611.2763571433,0.0005271905002159314
1850,803515.2058409805,0.0023751281200652097
1851,802887.9189377069,-0.0007806783228416047
1852,802157.4189964385,-0.0009098404945921606
1853,801644.1410800782,-0.0006398718059635326
1854,800283.7417010989,-0.0016970115656885368
1855,799487.9653523086,-0.0009943677564894077
1856,799921.4844489391,0.0005422459316688665
1857,798780.6916428666,-0.0014261309744148139
1858,800097.8914344079,0.0016490130586809936
1859,799759.0196662176,-0.00042353788432408757
1860,799258.5193623641,-0.0006258138908673036
1861,800538.4475613094,0.0016013945024526807
1862,800323.2653975346,-0.0002687967884994943
1863,799559.7277411453,-0.0009540365617261305
1864,798680.4004523911,-0.0010997643556140276
1865,797022.1537123736,-0.002076233170462531
1866,797930.537626062,0.0011397222893459148
1867,797336.9178289158,-0.0007439492150687531
1868,796159.9643825163,-0.0014761055459518544
1869,795239.9743970821,-0.00115553409690444
1870,797152.4647598814,0.002404922318259003
1871,796215.249521456,-0.0011757038707867803
1872,795669.5353490998,-0.000685385230544337
1873,796020.5966424809,0.0004412149489010181
1874,796272.5362657914,0.0003164988749953387
1875,797245.5426836632,0.0012219514972032365
1876,796936.2438217988,-0.0003879593491651517
1877,797688.5638097064,0.0009440152756758854
1878,797682.1959978368,-7.982829588511118e-06
1879,796934.3181929587,-0.0009375636169772048
1880,798029.0847462298,0.0013737224364405204
1881,798570.8975058161,0.0006789386125676799
1882,799442.5194262911,0.0010914771915648098
1883,797859.0676377194,-0.00198069498443491
1884,796858.9910894404,-0.0012534501252709092
1885,797416.9966358935,0.0007002563222511577
1886,797250.3964208714,-0.0002089248357195148
1887,796618.9209936353,-0.0007920666205635859
1888,796556.907875058,-7.784540003136785e-05
1889,797623.9485217883,0.0013395661203627503
1890,796620.1997155017,-0.0012584236069476346
1891,796456.7624736107,-0.00020516331615670603
1892,796767.9656891589,0.00039073460131302206
1893,796578.4544046839,-0.00023785002991562982
1894,795516.6016077397,-0.001333017220177985
1895,795101.7262714974,-0.0005215168802307762
1896,795727.5472252358,0.000787095453399526
1897,797332.9126182748,0.0020174812329131877
1898,796829.4827263243,-0.0006313923381104289
1899,794027.9050824974,-0.003515906106086151
1900,792630.4063065397,-0.0017600121696132807
1901,791437.3589796176,-0.0015051748172031033
1902,788466.1601873146,-0.003754180616560331
1903,787931.0927250251,-0.000678618169437174
1904,787041.9122211579,-0.0011285003372465295
1905,785663.3780196946,-0.0017515384886846643
1906,784245.8197375872,-0.001804281988655723
1907,785025.6776550341,0.0009944049401599878
1908,784555.1596696781,-0.0005993663630997829
1909,782871.9902851697,-0.00214538055580064
1910,782940.0981328341,8.699742551726726e-05
1911,783684.4262647495,0.000950683371167862
1912,782760.1224664038,-0.0011794336691762688
1913,785616.3041810399,0.0036488595070947104
1914,785317.3802769508,-0.0003804960544966691
1915,784640.2630952947,-0.0008622210569404111
1916,783702.7737813317,-0.0011948014371130067
1917,783704.2212109555,1.8469114468234817e-06
1918,783572.9704762149,-0.00016747483449537992
1919,781781.4643876246,-0.002286329615863938
1920,781033.223554885,-0.000957097177183305
1921,782177.113659028,0.0014645857175403054
1922,780963.9772160988,-0.001550974097482985
1923,779892.1306984277,-0.0013724660150035886
1924,779723.6335033221,-0.000216051923686725
1925,781929.3279546137,0.0028288156938136235
1926,783058.8168499352,0.0014444897447139337
1927,781244.5839283918,-0.002316853961036611
1928,780312.6419083576,-0.001192894055467277
1929,780474.4455218273,0.00020735741647603072
1930,782430.4827635906,0.0025062156140877962
1931,782176.5818612516,-0.0003245028254040301
1932,782311.9246498168,0.00017303354728819218
1933,781644.8653973272,-0.0008526768306493399
1934,779814.4292859988,-0.0023417746247178044
1935,779656.1670492906,-0.00020294858720823955
1936,779984.2472868707,0.0004208011831956336
1937,779591.6979178458,-0.0005032785859334821
1938,780207.718268358,0.0007901833128258254
1939,779785.5185066651,-0.0005411376378459276
1940,780196.2027952626,0.0005266631385818979
1941,779380.5017555393,-0.0010455075746341354
1942,778427.8950544171,-0.001222261397323284
1943,777240.5544859703,-0.0015253057810367709
1944,778403.4326250376,0.00149616245878523
1945,777376.984524198,-0.0013186582404680536
1946,778077.0803009502,0.000900587219186481
1947,778327.6211550846,0.0003220000440540648
1948,777964.995964633,-0.0004659030215495467
1949,778035.9479512961,9.120202969438675e-05
1950,778353.6914307673,0.0004083917720098433
1951,778072.0434720585,-0.0003618508678118893
1952,776232.9434047748,-0.0023636629573232696
1953,776011.1641063571,-0.000285712298481991
1954,775824.4729960647,-0.0002405778665664434
1955,777140.0880576642,0.0016957638066235658
1956,776730.4720077714,-0.0005270813540408398
1957,776904.5439232362,0.00022410851864079225
1958,776243.803275675,-0.0008504785468553466
1959,775293.4564961533,-0.0012242890384585544
1960,774603.2700974823,-0.0008902260078270545
1961,776488.9043761796,0.002434322641653717
1962,775068.8954168918,-0.0018287562787888038
1963,776040.3048930111,0.001253320165295535
1964,776062.1097844647,2.8097627553760082e-05
1965,776396.89970679,0.0004313957840542825
1966,776161.3291426664,-0.0003034151272532559
1967,776244.0588386134,0.00010658827339208926
1968,775517.3550506927,-0.000936179516797887
1969,775077.3393082295,-0.0005673834887091778
1970,775055.5657142384,-2.809215659755562e-05
1971,776390.4056155401,0.0017222505847971855
1972,774696.9582000792,-0.0021811802454183406
1973,774223.7664517977,-0.0006108088372786214
1974,773211.2537855983,-0.001307777815759411
1975,773927.2945723252,0.000926060999786502
1976,773339.235758137,-0.0007598372848617465
1977,772856.9434023282,-0.0006236491484050556
1978,771354.756571291,-0.0019436803199620958
1979,770021.7335581504,-0.0017281581552255
1980,770695.0104982124,0.0008743609572563001
1981,770554.4484573905,-0.00018238348361826847
1982,771901.2173757447,0.0017477920230690267
1983,772824.3722110502,0.0011959494486146849
1984,772187.620696928,-0.0008239278379646509
1985,773487.6561602749,0.0016835745983256462
1986,772757.2065900144,-0.0009443584062951348
1987,774393.2433698031,0.0021171420542399027
1988,773877.1147796187,-0.0006664941805773333
1989,774909.2510975923,0.0013337212049067176
1990,775200.3336795155,0.0003756344133341206
1991,774688.1503507288,-0.0006607109240467588
1992,774961.9609770367,0.00035344625599862897
1993,772833.3218224779,-0.002746765985617144
1994,772301.8500960087,-0.0006876925612055766
1995,773176.5019790184,0.0011325259455237254
1996,770499.6867700438,-0.0034621010883324594
1997,769978.3766382372,-0.0006765870781751957
1998,769311.2765888976,-0.0008663880305992166
1999,769367.7102547418,7.335608818122062e-05
2000,768661.4787961238,-0.0009179374819151634
